id	mr_est	mr_lo90	mr_hi90	mr_naive_estimate
AAGCCGCGCG	0.05082303614698828	0.03602182040050861	0.09282752422641037	0.06687808919567415
ACATTCGGTT	6.30957344480193e-4	6.30957344480193e-4	8.902150854450384e-4	0.0019626203805987097
ACCACTGCTG	6.30957344480193e-4	6.30957344480193e-4	8.902150854450384e-4	0.00980505583241575
ACCCTGGGAC	6.30957344480193e-4	6.30957344480193e-4	8.902150854450384e-4	0.002846955794756068
ACTCCATGTT	6.30957344480193e-4	6.30957344480193e-4	0.001057407592010616	0.00531671056877426
AGCACACCCA	0.10116970998767501	0.07170600970409613	0.13096996672404912	0.1493952117888344
AGGTGTTCAA	0.04278712750694264	0.030326213059195282	0.06579332246575682	0.05457991384591253
AGTCTGCCTC	6.30957344480193e-4	6.30957344480193e-4	0.001057407592010616	0.004808019067241682
ATGACCCACC	6.30957344480193e-4	6.30957344480193e-4	0.001057407592010616	6.921896471664332e-4
ATGCTTAGCT	0.010797751623277094	0.0076531175465013425	0.013978306065792132	0.016210494974177862
ATGGAGGGAC	0.40089468920098087	0.2841419479967691	0.6164516081882268	1.88391222944792
ATGGCGCCTA	6.30957344480193e-4	6.30957344480193e-4	8.902150854450384e-4	0.006186633107937759
ATGTCATCGA	0.20139116028779014	0.20139116028779014	0.36783797718286343	0.9666524986415629
CAAGGGCCCT	0.1201705308880486	0.08517321296121691	0.15556761439304723	0.1574118024862153
CACAACGCCC	0.476187266300854	0.2841419479967691	0.5189810676624151	2.1055878300865434
CACCTCGGAC	0.02149429634794901	0.01809571541243321	0.03305155669928257	0.08045803541704419
CACTCTCAAG	0.476187266300854	0.40089468920098087	0.7322282235641009	2.766209450993682
CATATATTCC	0.20139116028779014	0.1695481007683841	0.30967709969353546	0.7643664117300637
CATCGTCGTC	6.30957344480193e-4	6.30957344480193e-4	8.902150854450384e-4	0.0010205720178414126
CATTGGAGGT	0.1695481007683841	0.1427399218172586	0.30967709969353546	0.63425933865502
CCACCATCCG	0.010797751623277094	0.009090459966957959	0.016603590749113648	0.024222445780529327
CCCAAAACAC	0.10116970998767501	0.08517321296121691	0.15556761439304723	0.14314694813339313
CCGTACTTCA	0.1695481007683841	0.1427399218172586	0.2607123571336003	0.4364756341688953
CCTTTACCGC	6.30957344480193e-4	6.30957344480193e-4	8.902150854450384e-4	0.0026511019579402435
CGAATCCTTT	6.30957344480193e-4	6.30957344480193e-4	0.001057407592010616	0.004986394110075355
CGACAGTTAT	6.30957344480193e-4	6.30957344480193e-4	0.001057407592010616	0.006472699161787948
CGGGGGTTCC	0.08517321296121691	0.060368179723655484	0.11026158786725693	0.2743766788909276
CGGTCTGTAC	0.0016259646938814802	0.0013688745095370807	0.0025002290561599787	0.005695933623534564
CGTAGGGCCC	0.02149429634794901	0.01809571541243321	0.03305155669928257	0.05781220516829829
CGTGTTGTCT	9.702165685412525e-4	9.702165685412525e-4	0.0017720862201276596	0.005620764972795684
CTACTCGGCC	0.1201705308880486	0.08517321296121691	0.15556761439304723	0.1404321626765729
CTCGTAAGTC	0.476187266300854	0.2841419479967691	0.5189810676624151	2.1650576460573614
CTGAGTTTTA	0.0016259646938814802	0.0016259646938814802	0.0029698004774064497	0.10457952965295193
CTGCTATCGA	0.07170600970409613	0.07170600970409613	0.13096996672404912	0.224038514525084
CTTTTGTCGG	6.30957344480193e-4	6.30957344480193e-4	0.001057407592010616	0.0024680240380784
GAAGACCCGC	0.015234502725138925	0.012825692048781935	0.027825594022071243	0.029213486511450622
GACACAGACA	0.1201705308880486	0.1201705308880486	0.21948969823543238	0.2567246595582015
GACCCTTCCT	0.04278712750694264	0.03602182040050861	0.06579332246575682	0.13962874937981262
GACGAAGACA	0.030326213059195282	0.02553116939361346	0.0466323034806468	0.043921262838190936
GATACCCCCA	0.1201705308880486	0.1201705308880486	0.21948969823543238	0.5683193977351695
GCCAACGAGC	6.30957344480193e-4	6.30957344480193e-4	8.902150854450384e-4	0.0024177439817302084
GCCAAGATGG	6.30957344480193e-4	6.30957344480193e-4	0.001057407592010616	0.0037229484268175646
GCCCAGATAC	6.876599595607154e-4	6.876599595607154e-4	0.001256000750742976	9.269886200004112e-4
GCGTCGCCCT	0.030326213059195282	0.030326213059195282	0.05539037985267143	0.05010496278525789
GCTCTACGCC	6.30957344480193e-4	6.30957344480193e-4	0.001057407592010616	0.0046692005121397135
GGCCCCTACA	6.30957344480193e-4	6.30957344480193e-4	8.902150854450384e-4	0.0011996207773359562
GGCGACCGCA	0.005424296670642502	0.005424296670642502	0.009907397683779314	0.011270535147843501
GGGTGACACG	6.30957344480193e-4	6.30957344480193e-4	8.902150854450384e-4	0.009730293836960696
GTACACAATT	0.1427399218172586	0.1427399218172586	0.2607123571336003	0.5317786430683161
GTCAAATACC	0.0016259646938814802	9.702165685412525e-4	0.0017720862201276596	0.008017858930640196
GTGGAGCCTC	1.1259397496049284	0.6718506277268024	1.2271252398511903	3.012167186138712
TAACTTATAC	6.30957344480193e-4	6.30957344480193e-4	0.001057407592010616	0.0015340739395469849
TACACAGATA	0.08517321296121691	0.060368179723655484	0.11026158786725693	0.22872192716204504
TACACCCCAC	0.04278712750694264	0.04278712750694264	0.07815005588690302	0.06302769225233272
TAGAACCATG	0.03602182040050861	0.030326213059195282	0.05539037985267143	0.05345612153627767
TAGCCATGCA	0.0013688745095370807	9.702165685412525e-4	0.0017720862201276596	0.005634916435649878
TCATCAGGCC	0.23921470814626386	0.20139116028779014	0.36783797718286343	1.3071616241795476
TCTATCGAGG	6.30957344480193e-4	6.30957344480193e-4	8.902150854450384e-4	0.012786134865337759
TCTTATAACC	0.07170600970409613	0.05082303614698828	0.09282752422641037	0.11275714663210633
TGGTGATGGT	0.6718506277268024	0.476187266300854	0.8697490026177834	2.6718769416799173
TTAGCTATGT	0.9479112482014913	0.6718506277268024	1.2271252398511903	2.8194943734430606
TTATCGTTCA	6.30957344480193e-4	6.30957344480193e-4	8.902150854450384e-4	0.001703361927015456
TTGAGCATAA	1.1259397496049284	0.40089468920098087	1.7313458822574708	2.8558767735266954
TTGTGACATA	0.0016259646938814802	0.0016259646938814802	0.0029698004774064497	0.008734320558715186
